ID,first_name,last_name,age
1,john,mcgee,47
2,george,thompson,60
3,heather,jones,67
4,william,williams,24
5,anita,martinez,71
6,paul,mcdaniel,38
7,sonya,johnson,70
8,robert,hurst,60
9,melissa,morales,73
10,edward,morales,65
11,tracy,evans,57
12,gabrielle,stevens,52
13,john,tran,52
14,david,powell,29
15,colleen,collier,58
16,clifford,cox,37
17,tyler,dennis,61
18,anna,gutierrez,28
19,alan,griffin,71
20,joseph,gonzalez,60
21,robert,parker,75
22,samuel,parks,39
23,mark,smith,62
24,richard,rogers,32
25,antonio,simpson,60
26,gregory,anderson,61
27,candice,rojas,33
28,johnny,thomas,61
29,corey,parker,53
30,taylor,davis,65
31,dustin,moreno,67
32,daniel,barnes,73
33,philip,oneal,20
34,joshua,murphy,27
35,melissa,adams,23
36,kevin,hoover,74
37,angela,reynolds,56
38,brian,fischer,73
39,erin,ramos,68
40,brian,matthews,65
41,mark,williams,58
42,sarah,brown,64
43,timothy,baker,77
44,matthew,garcia,24
45,jennifer,robertson,72
46,erik,patterson,45
47,joseph,espinoza,27
48,joyce,johnson,48
49,brian,edwards,30
50,william,ford,59
